date,total_rides,classic_bikes,electric_bikes,docked_bikes,average_ride_duration,rides_by_members,rides_by_casual,avg_temperature,precipitation_in,wind_speed_mph
2023-01-01,1444,1129,288,27,19.8400277,991,453,51.77,0.33,18
2023-01-02,1714,1410,294,10,14.8226371,1274,440,52.32,0.0,10
2023-01-03,1444,1178,263,3,13.310941816666666,1294,150,49.17,0.02,9
2023-01-04,2109,1732,366,11,13.600284483333333,1808,301,53.79,0.41,14
2023-01-05,2087,1707,366,14,11.183517,1827,260,45.52,0.03,13
2023-01-06,1860,1511,347,2,11.934408600000001,1605,255,43.55,0.24,16
2023-01-07,1691,1347,341,3,15.138971016666666,1395,296,41.13,0.01,14
2023-01-08,1462,1197,260,5,14.0998632,1242,220,37.58,0.0,15
2023-01-09,1701,1363,336,2,11.296296283333334,1524,177,40.08,0.0,16
2023-01-10,1875,1520,352,3,10.618666666666666,1704,171,40.13,0.0,14
2023-01-11,1850,1457,392,1,10.33945945,1676,174,37.0,0.0,14
2023-01-12,1401,1083,318,0,10.758029966666667,1238,163,46.6,0.02,21
2023-01-13,1895,1470,421,4,11.8364116,1674,221,48.18,0.37,20
2023-01-14,1216,977,235,4,12.756578933333333,1032,184,33.31,0.01,25
2023-01-15,1218,978,240,0,11.8095238,1028,190,34.0,0.0,28
2023-01-16,1418,1159,255,4,11.929478133333333,1261,157,37.42,0.0,22
2023-01-17,1864,1504,357,3,11.787553633333333,1695,169,42.6,0.0,13
2023-01-18,2141,1692,448,1,12.574030816666667,1920,221,47.67,0.04,30
2023-01-19,911,725,186,0,12.395170133333332,845,66,41.51,0.0,14
2023-01-20,1971,1560,408,3,13.616438350000001,1741,230,44.31,1.06,24
2023-01-21,1756,1387,364,5,14.498861033333332,1467,289,38.83,0.0,21
2023-01-22,1099,900,198,1,13.65150135,930,169,38.88,0.0,13
2023-01-23,1050,837,213,0,9.138095233333333,985,65,37.71,0.76,28
2023-01-24,1934,1524,410,0,14.16442605,1744,190,39.88,0.15,23
2023-01-25,1186,959,227,0,12.936762216666667,1088,98,41.34,0.0,29
2023-01-26,1841,1465,373,3,11.724606183333332,1667,174,47.03,1.47,26
2023-01-27,1910,1494,405,11,12.226178,1670,240,39.71,0.0,16
2023-01-28,1934,1492,434,8,15.663391933333333,1584,350,45.21,0.0,20
2023-01-29,1627,1298,322,7,15.604179466666666,1345,282,47.13,0.0,15
2023-01-30,1992,1568,421,3,13.455823283333332,1774,218,48.5,0.0,14
2023-01-31,1573,1247,325,1,10.9408773,1431,142,36.95,0.02,16
2023-02-01,1740,1389,350,1,12.981034466666667,1606,134,31.34,0.05,15
2023-02-02,1814,1451,361,2,11.471334066666666,1679,135,34.83,0.0,17
2023-02-03,1071,815,255,1,11.592903816666666,983,88,23.58,0.0,33
2023-02-04,711,578,133,0,13.308016866666666,635,76,15.58,0.0,29
2023-02-05,1435,1142,289,4,11.9881533,1212,223,37.92,0.0,14
2023-02-06,1848,1487,360,1,11.98430735,1673,175,42.0,0.0,22
2023-02-07,1871,1479,389,3,12.369321216666666,1725,146,36.5,0.0,15
2023-02-08,2264,1799,461,4,12.893551233333334,2047,217,45.88,0.01,20
2023-02-09,2166,1688,473,5,11.607109866666667,1935,231,46.52,0.0,15
2023-02-10,2341,1838,499,4,13.653139683333334,2040,301,53.5,0.0,25
2023-02-11,1816,1420,389,7,15.380506599999999,1476,340,41.13,0.0,24
2023-02-12,1616,1334,278,4,13.416460383333334,1354,262,42.54,0.0,14
2023-02-13,1924,1559,358,7,14.425155916666666,1710,214,47.85,0.02,18
2023-02-14,2237,1786,446,5,13.191774683333334,2003,234,47.58,0.0,22
2023-02-15,2472,1958,507,7,15.273462766666666,2180,292,54.17,0.0,21
2023-02-16,2212,1756,453,3,13.69122965,1993,219,59.77,0.0,16
2023-02-17,1404,1090,313,1,10.9159544,1264,140,50.08,0.05,28
2023-02-18,1544,1238,299,7,14.777202066666666,1282,262,35.96,0.18,22
2023-02-19,1435,1143,282,10,13.275958183333334,1152,283,42.79,0.0,24
2023-02-20,2046,1611,424,11,20.6603128,1651,395,51.96,0.0,20
2023-02-21,1571,1255,311,5,11.8446849,1417,154,41.47,0.18,16
2023-02-22,1501,1206,294,1,10.401732166666667,1366,135,39.9,0.08,14
2023-02-23,1836,1442,385,9,12.3567538,1658,178,39.49,0.22,16
2023-02-24,1642,1333,306,3,12.682095,1453,189,39.97,0.0,28
2023-02-25,1216,999,217,0,13.189967099999999,1058,158,28.14,0.0,18
2023-02-26,1598,1303,290,5,12.575093866666666,1349,249,37.71,0.0,15
2023-02-27,1687,1404,281,2,11.498518066666666,1538,149,36.67,0.0,21
2023-02-28,1189,974,214,1,9.846089150000001,1098,91,35.21,0.54,26
2023-03-01,1985,1595,387,3,10.9138539,1815,170,40.0,0.05,14
2023-03-02,2129,1676,452,1,13.666510083333332,1915,214,44.14,0.01,22
2023-03-03,1883,1499,383,1,14.084439716666667,1687,196,40.91,0.0,23
2023-03-04,1628,1284,341,3,16.298525783333336,1355,273,41.8,1.26,30
2023-03-05,1918,1504,402,12,15.92127215,1528,390,44.71,0.02,25
2023-03-06,2151,1732,410,9,11.823802866666666,1908,243,46.38,0.0,23
2023-03-07,1862,1484,372,6,11.095596116666666,1702,160,38.08,0.05,29
2023-03-08,2031,1606,422,3,10.4066962,1846,185,38.67,0.0,25
2023-03-09,2205,1740,460,5,11.9786848,1981,224,41.5,0.0,21
2023-03-10,1743,1403,332,8,17.275960983333334,1562,181,40.21,0.0,14
2023-03-11,1421,1162,255,4,12.104152,1197,224,40.32,0.5,22
2023-03-12,1573,1314,252,7,14.418944683333333,1265,308,37.5,0.0,14
2023-03-13,917,736,179,2,10.981461283333335,838,79,41.55,0.04,20
2023-03-14,1140,932,208,0,9.944736833333334,1052,88,36.78,0.77,29
2023-03-15,1881,1447,430,4,11.356725133333333,1691,190,38.96,0.01,33
2023-03-16,2433,1774,654,5,12.672420866666666,2108,325,46.13,0.0,16
2023-03-17,2407,1997,397,13,13.820108016666667,2022,385,52.63,0.0,13
2023-03-18,2046,1635,402,9,15.1202346,1612,434,48.42,0.01,22
2023-03-19,1387,1080,303,4,11.918529183333334,1154,233,36.21,0.0,25
2023-03-20,1947,1450,491,6,12.674884433333334,1731,216,41.46,0.0,15
2023-03-21,2548,1921,614,13,13.409340649999999,2178,370,51.92,0.0,17
2023-03-22,2488,1950,530,8,14.705787766666667,2171,317,51.48,0.0,20
2023-03-23,2198,1861,336,1,12.333030016666667,1918,280,53.22,0.0,18
2023-03-24,2185,1881,297,7,13.278260866666667,1886,299,49.33,0.07,18
2023-03-25,924,813,111,0,11.532467516666665,801,123,43.19,0.0,23
2023-03-26,2520,2059,452,9,17.675396816666666,1874,646,52.73,0.17,18
2023-03-27,1775,1462,309,4,13.19830985,1582,193,48.85,0.0,17
2023-03-28,2292,1895,395,2,11.011343799999999,2024,268,46.17,0.2,14
2023-03-29,2494,2012,477,5,15.3604651,2200,294,46.48,0.0,20
2023-03-30,2215,1773,433,9,12.306997733333333,1981,234,39.38,0.03,30
2023-03-31,2407,1958,442,7,13.94599085,2101,306,46.67,0.0,18
2023-04-01,1990,1604,378,8,18.844723616666666,1514,476,58.42,0.01,24
2023-04-02,2048,1703,331,14,14.465332016666668,1585,463,46.71,0.35,30
2023-04-03,2429,2001,421,7,12.67064635,2084,345,48.0,0.0,21
2023-04-04,3035,2483,538,14,17.412191099999998,2569,466,57.38,0.0,14
2023-04-05,2164,1799,361,4,10.778188533333333,1972,192,48.83,0.0,17
2023-04-06,2775,2266,493,16,15.331891883333332,2332,443,56.64,0.01,22
2023-04-07,2247,1860,378,9,13.485091216666666,1858,389,52.83,0.0,23
2023-04-08,2181,1783,383,15,15.463548816666668,1624,557,45.08,0.0,18
2023-04-09,2036,1664,348,24,17.02701375,1505,531,46.38,0.0,16
2023-04-10,2585,2138,409,38,15.936557050000001,2147,438,52.83,0.0,15
2023-04-11,3003,2378,594,31,16.03330001666667,2525,478,64.08,0.0,16
2023-04-12,3357,2759,585,13,17.5981531,2720,637,73.13,0.0,22
2023-04-13,3406,2876,501,29,16.293599516666667,2754,652,78.54,0.0,17
2023-04-14,3495,2998,472,25,17.245779683333335,2715,780,77.83,0.0,17
2023-04-15,3018,2555,442,21,19.545394299999998,2238,780,62.55,0.0,15
2023-04-16,3009,2546,447,16,18.001329333333334,2192,817,58.6,0.0,13
2023-04-17,2565,2150,400,15,13.278752433333333,2199,366,56.39,0.0,21
2023-04-18,2809,2334,462,13,13.495550016666666,2490,319,52.58,0.01,24
2023-04-19,3000,2488,500,12,13.567666666666666,2562,438,52.8,0.0,18
2023-04-20,3218,2691,513,14,14.180236166666667,2708,510,52.71,0.0,12
2023-04-21,3295,2713,560,22,14.866160833333334,2625,670,57.73,0.0,17
2023-04-22,3268,2798,455,15,18.42962055,2129,1139,54.8,0.0,21
2023-04-23,2466,2104,344,18,19.420113533333332,1814,652,57.61,1.84,17
2023-04-24,2807,2397,400,10,12.53651585,2386,421,53.5,0.1,16
2023-04-25,3044,2559,477,8,13.340013133333334,2619,425,53.5,0.0,10
2023-04-26,3078,2595,468,15,12.337231966666668,2656,422,52.64,0.0,13
2023-04-27,2957,2506,442,9,13.4318566,2561,396,53.1,0.0,12
2023-04-28,2356,2021,329,6,13.72325975,2011,345,51.7,0.0,17
2023-04-29,487,431,55,1,13.61190965,422,65,50.53,1.72,22
2023-04-30,700,615,84,1,16.39714285,600,100,54.63,1.12,18
2023-05-01,2936,2556,365,15,13.3055177,2500,436,57.68,3.12,26
2023-05-02,2572,2182,386,4,12.543934666666667,2283,289,52.26,0.02,22
2023-05-03,2925,2423,495,7,11.861880333333334,2575,350,51.58,0.03,14
2023-05-04,2707,2256,440,11,12.167713333333333,2370,337,51.57,0.01,12
2023-05-05,3150,2623,514,13,15.637460316666667,2629,521,55.42,0.0,14
2023-05-06,3455,2934,491,30,19.583791599999998,2456,999,61.79,0.0,10
2023-05-07,3354,2922,405,27,20.059033983333332,2411,943,66.46,0.0,18
2023-05-08,3326,2875,439,12,15.2152736,2752,574,67.38,0.0,21
2023-05-09,3342,2859,472,11,14.094254933333334,2902,440,60.42,0.0,13
2023-05-10,3638,3166,463,9,13.2493128,3066,572,61.96,0.0,16
2023-05-11,3679,3170,495,14,16.115248700000002,3064,615,71.46,0.0,15
2023-05-12,3718,3244,462,12,15.89537385,3026,692,77.83,0.0,14
2023-05-13,3399,2981,399,19,25.611944683333334,2467,932,75.83,0.0,14
2023-05-14,3011,2638,354,19,18.171371633333333,2209,802,66.0,0.0,14
2023-05-15,3306,2842,451,13,13.955535383333334,2764,542,66.13,0.0,16
2023-05-16,3432,3043,375,14,14.03700465,2894,538,72.17,0.0,20
2023-05-17,3299,2938,350,11,14.670809333333333,2792,507,60.63,0.0,23
2023-05-18,3289,2911,368,10,12.834904216666667,2744,545,53.38,0.0,15
2023-05-19,3338,2878,444,16,14.644697416666666,2672,666,60.92,0.0,23
2023-05-20,1280,1071,204,5,14.31328125,1031,249,60.29,0.03,15
2023-05-21,3347,2875,452,20,19.430236016666665,2410,937,64.14,1.23,23
2023-05-22,3249,2808,428,13,18.903354866666668,2717,532,64.96,0.0,15
2023-05-23,3518,3030,475,13,14.88914155,2999,519,60.5,0.0,13
2023-05-24,3356,2882,461,13,14.929678183333333,2840,516,63.07,0.0,17
2023-05-25,3515,2971,533,11,13.481365566666666,2962,553,59.5,0.03,21
2023-05-26,3504,2936,548,20,15.765981733333332,2761,743,64.33,0.0,15
2023-05-27,3007,2609,375,23,18.327569,2052,955,67.04,0.0,15
2023-05-28,2723,2441,264,18,19.7903048,1894,829,68.46,0.0,14
2023-05-29,2997,2704,253,40,18.965298616666665,2122,875,68.88,0.0,20
2023-05-30,3219,2946,261,12,15.246039133333333,2713,506,61.25,0.0,18
2023-05-31,3315,3089,212,14,15.024434383333332,2768,547,62.21,0.0,13
2023-06-01,3535,3342,187,6,15.19094765,2970,565,71.71,0.0,12
2023-06-02,3148,2854,278,16,14.275095283333334,2561,587,76.31,0.0,13
2023-06-03,3009,2717,275,17,16.435692916666667,2284,725,64.55,0.05,20
2023-06-04,2923,2645,261,17,16.595278816666667,2195,728,59.35,0.0,18
2023-06-05,3242,2892,338,12,13.605798883333334,2695,547,66.92,0.0,18
2023-06-06,3163,2844,308,11,14.999367683333332,2699,464,69.45,0.0,22
2023-06-07,2603,2364,230,9,12.2781406,2226,377,64.83,0.04,22
2023-06-08,2806,2489,307,10,12.45866,2341,465,63.52,0.0,13
2023-06-09,3314,2902,402,10,15.476161733333333,2671,643,65.88,0.0,15
2023-06-10,3479,3030,435,14,18.1802242,2549,930,68.71,0.0,17
2023-06-11,3167,2767,371,29,19.351436683333336,2290,877,72.58,0.02,14
2023-06-12,2764,2457,299,8,13.3020984,2348,416,71.59,0.0,20
2023-06-13,3697,3280,405,12,15.278333783333332,3088,609,71.52,0.14,16
2023-06-14,3392,3013,375,4,12.6904481,2911,481,69.74,0.0,18
2023-06-15,3885,3374,504,7,15.896525083333334,3189,696,70.71,0.39,21
2023-06-16,3070,2677,380,13,13.907817583333333,2462,608,70.11,0.0,15
2023-06-17,3287,2890,384,13,19.033465149999998,2392,895,69.45,0.16,23
2023-06-18,3154,2747,380,27,17.592580833333333,2268,886,72.46,0.0,17
2023-06-19,3470,3077,373,20,17.6682997,2606,864,71.32,0.0,14
2023-06-20,3612,3213,392,7,14.557862666666667,3005,607,67.86,0.0,16
2023-06-21,3729,3294,426,9,13.182354516666667,3131,598,65.59,0.0,22
2023-06-22,3274,2896,369,9,13.542150266666665,2724,550,64.48,0.01,21
2023-06-23,3117,2737,371,9,14.397497583333335,2552,565,68.0,0.0,12
2023-06-24,3252,2866,367,19,17.518757683333334,2415,837,72.27,0.11,14
2023-06-25,3333,2985,330,18,18.720372033333334,2368,965,73.43,0.0,13
2023-06-26,2809,2629,173,7,15.042719816666667,2340,469,73.13,0.02,17
2023-06-27,3332,3079,245,8,12.90066025,2806,526,72.53,0.09,16
2023-06-28,3779,3466,307,6,17.80894415,3148,631,75.36,0.0,18
2023-06-29,3700,3378,309,13,16.299189183333333,2957,743,74.29,0.0,15
2023-06-30,3253,2942,307,4,15.2090378,2576,677,76.0,0.0,16
2023-07-01,3124,2814,277,33,18.93982073333333,2102,1022,75.92,0.0,16
2023-07-02,2489,2244,223,22,19.465247083333335,1731,758,77.63,0.0,25
2023-07-03,2723,2480,225,18,16.286448766666666,2032,691,81.0,0.6,15
2023-07-04,2407,2204,194,9,19.1566265,1646,761,78.06,0.41,10
2023-07-05,3392,3076,307,9,13.79569575,2773,619,81.62,0.24,16
2023-07-06,3416,3090,310,16,14.4657494,2740,676,82.71,0.0,15
2023-07-07,3475,3132,334,9,14.67366905,2730,745,79.79,0.0,12
2023-07-08,3417,3064,328,25,22.158911316666668,2414,1003,79.87,0.0,13
2023-07-09,2510,2242,260,8,16.360557766666666,1837,673,77.43,0.0,15
2023-07-10,3598,3256,328,14,14.784880483333334,2911,687,78.36,1.17,14
2023-07-11,3845,3423,409,13,17.678023399999997,3106,739,81.42,0.0,13
2023-07-12,3847,3434,395,18,13.962048333333334,3200,647,85.0,0.0,15
2023-07-13,3794,3388,398,8,14.381655233333333,3109,685,83.75,0.0,24
2023-07-14,3057,2710,339,8,14.356231583333333,2424,633,77.25,0.05,15
2023-07-15,3185,2853,321,11,16.282260583333333,2275,910,80.1,0.19,18
2023-07-16,1825,1659,162,4,14.292054783333333,1389,436,78.15,0.12,17
2023-07-17,3501,3201,291,9,16.8077692,2820,681,81.0,1.28,16
2023-07-18,3466,3160,304,2,12.871609916666667,2873,593,79.42,0.0,18
2023-07-19,3791,3486,302,3,13.472962266666666,3098,693,76.89,0.03,12
2023-07-20,3930,3655,275,0,14.868956733333333,3213,717,77.96,0.23,12
2023-07-21,3595,3311,284,0,15.007510416666666,2781,814,79.57,0.26,15
2023-07-22,3649,3379,270,0,18.10605645,2511,1138,77.75,0.02,13
2023-07-23,3539,3302,237,0,18.540548166666667,2415,1124,79.42,0.0,14
2023-07-24,3591,3356,235,0,14.087440816666666,2862,729,80.13,0.0,16
2023-07-25,3054,2837,217,0,12.735428933333333,2551,503,76.57,0.0,23
2023-07-26,4040,3756,284,0,13.66163365,3290,750,78.65,0.33,17
2023-07-27,3748,3521,227,0,14.155816433333333,3023,725,84.0,0.0,20
2023-07-28,3586,3348,238,0,14.096207466666668,2818,768,85.16,0.41,12
2023-07-29,3407,3177,230,0,16.647196933333333,2439,968,82.55,0.0,22
2023-07-30,3554,3311,243,0,17.740011250000002,2445,1109,73.46,0.05,17
2023-07-31,3633,3407,226,0,15.197632800000001,2928,705,76.58,0.0,16
2023-08-01,4186,3905,281,0,14.933827033333333,3347,839,73.88,0.0,12
2023-08-02,4156,3877,279,0,15.7803176,3397,759,72.44,0.0,14
2023-08-03,4115,3846,269,0,14.091616033333334,3262,853,74.29,0.0,20
2023-08-04,3693,3399,294,0,14.865962616666668,2873,820,74.17,0.0,15
2023-08-05,3987,3706,281,0,18.45748681666667,2663,1324,77.11,0.0,13
2023-08-06,3503,3251,252,0,19.115615183333333,2472,1031,77.92,0.0,16
2023-08-07,2871,2676,195,0,12.762452099999999,2324,547,75.57,0.9,22
2023-08-08,3743,3446,297,0,13.943628100000002,3086,657,75.54,0.17,25
2023-08-09,4113,3814,299,0,14.444687566666666,3364,749,78.54,0.0,20
2023-08-10,2519,2335,184,0,13.27074235,2111,408,74.08,0.0,14
2023-08-11,3952,3654,298,0,15.217358283333335,3081,871,77.67,0.49,15
2023-08-12,3750,3481,269,0,21.649866666666664,2528,1222,76.75,0.0,16
2023-08-13,3332,3093,239,0,17.988295316666665,2360,972,77.69,0.83,37
2023-08-14,3553,3307,246,0,14.16718265,2848,705,80.48,0.0,15
2023-08-15,3719,3434,285,0,15.157838116666666,3031,688,73.59,1.54,22
2023-08-16,3929,3590,339,0,15.150165433333333,3200,729,73.92,0.8,13
2023-08-17,3789,3530,259,0,14.6539984,3074,715,75.03,0.0,16
2023-08-18,3624,3343,281,0,16.934050766666665,2741,883,75.7,1.57,24
2023-08-19,4008,3731,277,0,20.18812375,2669,1339,72.88,0.0,16
2023-08-20,3357,3158,199,0,18.162347333333333,2352,1005,78.83,0.0,12
2023-08-21,3530,3285,245,0,13.91303115,2890,640,81.25,0.0,14
2023-08-22,3916,3634,282,0,14.364147083333334,3206,710,73.88,0.0,18
2023-08-23,3843,3578,265,0,14.937548783333334,3114,729,71.79,0.0,13
2023-08-24,2904,2710,194,0,12.776170783333333,2419,485,71.39,0.0,20
2023-08-25,2885,2675,210,0,14.499480066666667,2292,593,74.17,0.0,15
2023-08-26,3631,3334,297,0,16.928945183333333,2530,1101,77.07,1.03,16
2023-08-27,3591,3299,292,0,19.6566416,2570,1021,76.5,0.04,12
2023-08-28,3543,3269,274,0,13.546429566666665,2851,692,73.26,0.0,12
2023-08-29,3856,3546,310,0,13.563796666666667,3187,669,73.03,0.0,14
2023-08-30,3701,3388,313,0,14.481761683333334,3020,681,75.69,0.0,21
2023-08-31,3882,3571,311,0,14.667181849999999,3158,724,70.54,0.21,16
2023-09-01,3582,3301,281,0,14.675041866666668,2688,894,68.33,0.0,15
2023-09-02,3425,3193,232,0,18.769635033333333,2313,1112,71.38,0.0,15
2023-09-03,3283,3040,243,0,18.62838866666667,2234,1049,79.83,0.0,13
2023-09-04,3140,2928,212,0,19.366878966666665,2242,898,81.75,0.0,9
2023-09-05,3742,3432,310,0,13.437199349999998,3116,626,83.42,0.0,10
2023-09-06,3994,3642,352,0,15.032548816666667,3282,712,85.5,0.0,9
2023-09-07,4018,3731,287,0,13.3815331,3367,651,86.67,0.0,14
2023-09-08,3387,3196,191,0,13.426631233333334,2755,632,80.33,0.0,15
2023-09-09,3530,3279,251,0,15.079320099999999,2519,1011,79.19,0.05,12
2023-09-10,2410,2219,191,0,17.70041493333333,1810,600,74.52,0.0,12
2023-09-11,3164,2947,217,0,13.758217433333334,2604,560,74.7,2.15,22
2023-09-12,4329,4011,318,0,15.3097713,3569,760,74.33,1.77,13
2023-09-13,4034,3738,296,0,14.704263749999999,3416,618,76.52,0.11,15
2023-09-14,4463,4096,367,0,17.306968400000002,3632,831,71.5,0.01,16
2023-09-15,4103,3856,247,0,15.041189366666666,3329,774,63.92,0.0,21
2023-09-16,4147,3861,286,0,18.584518916666664,2957,1190,69.21,0.0,18
2023-09-17,3608,3370,238,0,17.645787133333332,2559,1049,69.63,0.0,15
2023-09-18,1643,1546,97,0,15.635423,1396,247,66.8,0.47,18
2023-09-19,4420,4135,285,0,13.918552033333333,3702,718,67.88,0.91,21
2023-09-20,4451,4139,312,0,14.755785216666668,3658,793,68.71,0.0,13
2023-09-21,4417,4128,289,0,14.882273033333332,3598,819,66.5,0.0,13
2023-09-22,4246,3976,270,0,14.976683933333334,3340,906,65.08,0.0,21
2023-09-23,998,927,71,0,11.53907815,823,175,61.48,0.02,30
2023-09-24,995,948,47,0,11.515577883333332,824,171,64.37,0.99,30
2023-09-25,1259,1199,60,0,12.660841933333334,1115,144,61.56,0.82,32
2023-09-26,2362,2213,149,0,17.852243849999997,2048,314,60.63,0.23,23
2023-09-27,3932,3613,319,0,19.174720233333336,3302,630,60.33,0.25,18
2023-09-28,3099,2881,218,0,15.297838,2617,482,60.56,0.0,20
2023-09-29,1407,1307,100,0,20.109452733333335,1102,305,60.96,1.8,24
2023-09-30,2913,2707,206,0,20.373154816666666,2215,698,61.18,3.07,13
2023-10-01,3599,3393,206,0,20.721589316666666,2565,1034,68.58,0.09,14
2023-10-02,3842,3628,214,0,14.611920866666667,3136,706,70.58,0.0,10
2023-10-03,4157,3909,248,0,15.505412549999999,3420,737,71.33,0.0,9
2023-10-04,4127,3917,210,0,16.181730066666667,3395,732,72.88,0.0,13
2023-10-05,4337,4147,190,0,15.178464366666667,3541,796,69.59,0.0,13
2023-10-06,3417,3234,183,0,15.054726366666667,2763,654,68.49,0.0,10
2023-10-07,1943,1849,94,0,14.746783316666667,1537,406,65.42,0.13,25
2023-10-08,2920,2796,124,0,18.186643833333335,2097,823,56.83,0.8,20
2023-10-09,3041,2886,155,0,14.134166383333334,2460,581,56.46,0.0,18
2023-10-10,3650,3445,205,0,13.532876700000001,3114,536,59.67,0.01,13
2023-10-11,3919,3698,221,0,12.908394983333332,3277,642,63.54,0.0,12
2023-10-12,3961,3714,247,0,14.310275166666665,3244,717,63.48,0.0,14
2023-10-13,4026,3780,246,0,15.896671633333334,3193,833,59.25,0.0,13
2023-10-14,1229,1164,65,0,14.202603733333332,1003,226,53.46,0.0,16
2023-10-15,3043,2835,208,0,16.205389416666666,2257,786,55.72,0.72,20
2023-10-16,3415,3194,221,0,12.611713016666666,2883,532,56.33,0.0,17
2023-10-17,3749,3522,227,0,13.674579883333333,3156,593,58.38,0.0,12
2023-10-18,3898,3647,251,0,12.515905583333334,3315,583,59.29,0.0,8
2023-10-19,4086,3802,284,0,14.018844833333333,3410,676,59.5,0.0,13
2023-10-20,1796,1690,106,0,10.97939865,1546,250,62.56,0.15,18
2023-10-21,2629,2463,166,0,15.814378083333335,2047,582,60.97,0.95,24
2023-10-22,2872,2677,195,0,14.719359316666667,2215,657,54.83,0.44,24
2023-10-23,3270,3100,170,0,13.654128433333334,2775,495,54.42,0.0,21
2023-10-24,3890,3656,234,0,13.58611825,3347,543,57.17,0.0,13
2023-10-25,3982,3743,239,0,15.046710183333333,3329,653,63.75,0.0,12
2023-10-26,4330,4091,239,0,13.8621247,3550,780,68.96,0.0,9
2023-10-27,4199,4020,179,0,14.153369833333333,3333,866,68.96,0.0,10
2023-10-28,4455,4309,146,0,18.948597066666665,3072,1383,72.83,0.0,14
2023-10-29,1448,1414,34,0,18.596685066666666,1148,300,55.38,0.02,17
2023-10-30,2839,2770,69,0,12.889045433333333,2434,405,56.23,0.96,20
2023-10-31,3274,3155,119,0,14.586744033333334,2813,461,49.42,0.0,13
2023-11-01,2787,2677,110,0,13.415859333333334,2445,342,45.52,0.0,22
2023-11-02,3066,2944,122,0,12.13959555,2676,390,44.33,0.0,12
2023-11-03,3145,3007,138,0,15.262957066666667,2549,596,49.38,0.0,15
2023-11-04,3247,3122,125,0,16.956267316666665,2470,777,54.38,0.0,10
2023-11-05,3178,3060,118,0,17.369729383333333,2284,894,57.48,0.0,12
2023-11-06,2981,2879,102,0,14.974169733333333,2534,447,50.96,0.0,12
2023-11-07,3397,3269,128,0,16.639976433333334,2870,527,59.67,0.05,20
2023-11-08,3117,3002,115,0,15.153994216666666,2685,432,47.88,0.0,20
2023-11-09,3407,3296,111,0,14.8661579,2884,523,51.59,0.0,10
2023-11-10,3115,3026,89,0,16.27126805,2553,562,51.63,0.0,14
2023-11-11,2944,2870,74,0,14.639605966666666,2266,678,49.13,0.0,16
2023-11-12,2155,2112,43,0,13.909976783333333,1695,460,41.42,0.0,12
2023-11-13,2713,2646,67,0,12.616291916666666,2358,355,43.71,0.0,12
2023-11-14,3014,2928,86,0,11.598871916666667,2675,339,48.63,0.0,23
2023-11-15,3047,2970,77,0,13.118148983333333,2697,350,47.75,0.0,12
2023-11-16,3480,3393,87,0,12.4591954,2988,492,55.17,0.0,10
2023-11-17,3587,3515,72,0,13.877892383333334,2977,610,58.58,0.0,18
2023-11-18,2802,2754,48,0,13.802640966666667,2166,636,52.5,0.0,18
2023-11-19,2452,2410,42,0,12.9396411,1929,523,48.83,0.0,23
2023-11-20,2460,2422,38,0,11.159756083333333,2137,323,41.58,0.0,18
2023-11-21,1753,1733,20,0,11.250427833333333,1559,194,42.82,0.0,22
2023-11-22,2322,2293,29,0,12.722222216666667,1983,339,52.0,2.39,28
2023-11-23,1315,1294,21,0,15.914068433333334,957,358,49.38,0.0,23
2023-11-24,1538,1512,26,0,11.913524050000001,1218,320,45.29,0.0,25
2023-11-25,1545,1530,15,0,13.216181216666666,1214,331,36.25,0.0,14
2023-11-26,1239,1229,10,0,11.877320416666667,1029,210,45.77,0.0,21
2023-11-27,2474,2435,39,0,12.926839116666667,2212,262,47.46,0.33,20
2023-11-28,2352,2302,50,0,11.340561216666666,2150,202,36.08,0.0,24
2023-11-29,2345,2323,22,0,11.701066083333334,2112,233,33.58,0.0,17
2023-11-30,2826,2789,37,0,11.759731066666665,2496,330,44.21,0.0,15
2023-12-01,1862,1850,12,0,10.735230933333334,1628,234,45.9,0.0,10
2023-12-02,2860,2832,28,0,12.991608383333332,2214,646,50.06,0.46,10
2023-12-03,1044,1034,10,0,12.758620683333334,880,164,48.51,0.15,21
2023-12-04,2681,2660,21,0,11.908616183333333,2387,294,48.71,0.48,18
2023-12-05,2704,2611,93,0,11.133136083333333,2423,281,41.67,0.0,15
2023-12-06,2494,2403,91,0,11.556936633333333,2224,270,38.17,0.0,20
2023-12-07,2450,2374,76,0,11.664081616666666,2207,243,36.7,0.0,16
2023-12-08,2752,2682,70,0,12.512718016666668,2315,437,45.08,0.0,15
2023-12-09,2827,2769,58,0,15.358330383333334,2206,621,48.29,0.0,8
2023-12-10,1237,1208,29,0,11.090541616666666,1030,207,55.09,0.0,22
2023-12-11,1876,1819,57,0,13.9957356,1688,188,42.85,1.81,33
2023-12-12,2451,2360,91,0,11.939208483333335,2170,281,41.08,0.04,18
2023-12-13,2768,2625,143,0,12.456286116666666,2469,299,42.42,0.0,20
2023-12-14,2602,2436,166,0,10.712528816666666,2333,269,37.92,0.0,16
2023-12-15,2895,2714,181,0,12.149568216666667,2479,416,48.29,0.0,15
2023-12-16,2700,2511,189,0,13.879999999999999,2139,561,48.92,0.0,15
2023-12-17,1631,1558,73,0,14.428571416666667,1339,292,50.91,0.0,25
2023-12-18,1647,1572,75,0,11.632058283333333,1467,180,55.26,1.68,36
2023-12-19,2311,2215,96,0,13.784941583333334,2076,235,39.17,0.68,22
2023-12-20,2413,2284,129,0,11.465395766666667,2126,287,37.42,0.0,15
2023-12-21,2164,2070,94,0,11.6418669,1914,250,36.83,0.0,20
2023-12-22,1790,1728,62,0,10.255865916666666,1546,244,32.67,0.0,10
2023-12-23,1408,1365,43,0,11.606534083333335,1157,251,38.12,0.0,9
2023-12-24,1135,1105,30,0,14.090748883333333,928,207,43.71,0.01,7
2023-12-25,931,905,26,0,20.922663800000002,657,274,44.25,0.0,10
2023-12-26,1415,1366,49,0,13.065724366666666,1169,246,44.72,0.0,7
2023-12-27,1142,1106,36,0,12.485989483333332,985,157,44.6,0.0,20
2023-12-28,1384,1350,34,0,12.593208083333334,1171,213,49.71,1.31,29
2023-12-29,2068,2017,51,0,14.490328816666667,1603,465,48.7,0.09,17
2023-12-30,1646,1600,46,0,12.621506666666667,1252,394,43.5,0.0,20
2023-12-31,1550,1519,31,0,14.493548383333332,1200,350,42.12,0.0,20
